output,input,instruction,instruction_len,response_len
"There are several ways technology can be used to improve customer service, including the following:

1. Implementing Chatbots: Chatbots can help provide a faster, more personalized service to your customers. Equipped with artificial intelligence and natural language processing algorithms, chatbots can quickly respond to customer queries, saving customers time and providing them with immediate assistance.

2. Using Social Media: Using social media platforms to interact with customers is an excellent way to improve customer service. By maintaining an active presence on social media, companies can respond to messages and comments promptly, providing customers with an additional, convenient way to reach out for support.

3. Creating a customer-centered website: The company's website should be designed to provide customers with all the relevant information they need about products and services. Features like FAQs and tutorial videos can simplify the user experience and provide better customer service.

4. Collect feedback: Collecting and analyzing feedback can be a powerful tool for improving customer service. By using surveys, feedback forms, and other tools to gather customer feedback, companies can identify areas in which their service needs improvement, and take action to address customer concerns.

5. Personalization: By leveraging customer data, companies can provide a personalized experience to their customers. An AI-powered customer relationship management tool can track customer interactions and provide product/service recommendations based on their past experiences.

In summary, technology can be used in various ways to improve customer service. By implementing chatbots, using social media, developing a customer-centered website, collecting feedback, and personalizing the experience, companies can provide better, more efficient service to their customers.",,How can you use technology to improve your customer service?,60,1892
"The sorted numbers in ascending order are: 9, 11, 15, 22.",,"Sort the numbers 15, 11, 9, 22.",31,57
"1. What is your experience and educational background in the subject(s) you tutor?
2. How do you assess and track the progress of your students?
3. How do you engage and motivate students during online sessions?
4. Can you provide references from past or current students, or their parents?
5. What is your tutoring approach or teaching method?
6. How do you accommodate different learning styles and needs?
7. What scheduling options do you offer for online sessions, and what is your policy for cancellations or rescheduling?
8. How do you use technology to enhance and facilitate the learning experience during online sessions?",,Create a list of 8 questions to ask prospective online tutors.,62,630
"This world was far from ideal,
As the darkness did reveal.
Wickedness refused to yield,
As dangers in the shadows peeled.","This world was far from perfect,
As the shadows have shown.
The wickedness won’t relent,
As the risks have grown.",Rewrite the given poem so that it rhymes,40,121
"She was frustrated and angry after spending over an hour on hold with customer service, only to be transferred multiple times without getting any resolution to her issue.",She was frustrated and angry.,Provide a realistic context for the following sentence.,55,170
"Well, well, well, look at John and Amy, rolling in dough and cruising through the town in their brand spanking new car! Next thing you know, they'll be waving at the peasants from their shiny chariot.",,"Change the text so that it follows the humorous tone.

John and Amy bought a new car.",85,200
"1. Panthera pardus - Leopard 
2. Loxodonta africana - African Elephant 
3. Gorilla gorilla - Western Gorilla 
4. Balaenoptera musculus - Blue Whale 
5. Canis lupus - Grey Wolf 
6. Felis catus - Domestic cat 
7. Dermochelys coriacea - Leatherback Sea Turtle 
8. Struthio camelus - Ostrich 
9. Ursus maritimus - Polar Bear 
10. Oryctolagus cuniculus - European Rabbit.",,List ten scientific names of animals.,37,366
Plastic bags are difficult to recycle.,"Cans, Plastic bags, Glass bottles","Given a list of items, indicate which items are difficult to recycle.",69,38
"The author has used personification in the sentence ""The cold breeze chills my bones."" Personification is a figure of speech in which a non-human subject is given human characteristics. In this case, the non-human subject is the cold breeze, which is given the human characteristic of being able to chill someone's bones.",The cold breeze chills my bones.,Identify a stylistic device used by the author in the following sentence.,73,321
"To determine the product of 3x + 5y when x = 2 and y = 3, we need to substitute the values of x and y into the expression 3x + 5y. Plugging in the value of x = 2 and y = 3, we have:

3x + 5y 
= 3(2) + 5(3) 
= 6 + 15 
= 21

Therefore, the product of 3x + 5y when x = 2 and y = 3 is 21.","x = 2, y = 3",Determine the product of 3x + 5y,32,284
"- ""Discovery of new plant species on South America's high mountains announced by scientists""",Scientists have found a new species of plant living in the high mountains of South America.,Generate a title for the article given the following text.,58,92
"I'm an AI language model, so I do not have the ability to create animations. However, I can describe an animation that could represent a ticket booking task:

1. The animated scene opens up on a calendar marked with a particular date.
2. An icon of a train moves across the screen and stops at the marked date.
3. The users hand moves about the screen selecting various options such as the place of departure, destination and the class of seat.
4. The user taps on the icon of a train.
5. A series of train seats appear on the screen, the user again moves about the screen selecting a seat.
6. A ticket stamped with the date, seat number, departure and destination details appear on the screen and the animation ends.",Ticket Booking,Create a small animation to represent a task.,45,717
"The idiom ""bringing home the bacon"" is a colloquial expression, which has its origins in the early 20th century. This phrase alludes to the idea of providing for one’s family or household, by earning a steady income, usually in the form of wages or salary, in order to put food on the table or to fulfill the financial needs of the family. Often, the expression is used to describe someone who is the primary breadwinner of the family, the one who brings in the most financial resources, thereby ""bringing home the bacon"".

The idiom has its origins in the rural setting where pig farming was a prominent source of livelihood. Bacon was, and still is, considered a staple food in many households, and bringing a steady supply of it meant that the family was sufficiently provided for. In contemporary usage, however, the phrase has lost its direct reference to meat and has come to symbolize the act of providing for one's family through their earnings.

In summary, “bringing home the bacon” means to earn a living for one’s family, while providing them with the necessities and comforts of life.",,"Generate a deeper understanding of the idiom ""bringing home the bacon"".",71,1097
"The sentence should be corrected to: ""The box of tools is in the garage.""",The box of tools are in the garage.,Identify and correct the subject verb agreement error in the sentence.,70,73
"__Overview__

The game will be a multiplayer battle royale game where players can choose to play as superheroes or villains. The game will be set in an urban landscape and during the battle, the players will need to fight to be the last one standing.

__Gameplay__

The game begins with the players selecting their characters. There will be a selection of superheroes and villains to choose from, each with its own unique abilities and powers. Once the players have chosen their characters, they will be transported to an urban landscape that will serve as the battlefield.

The objective of the game is to eliminate all other players and be the last one standing. The players' powers and abilities can be used to attack, defend, or move around the battlefield. The urban landscape will have plenty of hiding spots, vantage points, and areas with power-ups that will aid the players in the battle.

As the battle progresses, the playable area will shrink, forcing players to move to a smaller area and increase the likelihood of encountering other players. The game will end when only one player is left standing.

__Monetisation__

The game will be a free-to-play title with in-app purchases. These purchases can be used to buy new characters, skins, or power-ups. The game will also feature advertisements between rounds.

__Target Audience__

The target audience for this game is teenagers and young adults who are fans of superhero and/or villain lore. The game will appeal to those who enjoy action-packed games with a competitive edge.

__Design__

The game will feature colorful 3D graphics and will have a lively and action-packed soundtrack that will match the fast-paced gameplay. The controls will be intuitive, with players able to move, attack, and activate their abilities through simple gestures.

__Conclusion__

In conclusion, this battle royale game with a superhero and villain theme promises to be an action-packed, adrenaline-pumping experience for players. With a wide selection of characters to choose from and a dynamic urban battlefield, the game will keep players engaged and entertained for hours on end.",Game Idea: A battle royale game with a superhero and villain theme.,Write a design document to describe a mobile game idea.,55,2131
The phrase “you’re going over the top with that” typically means that someone is behaving in an excessive or exaggerated manner. They may be putting too much effort or emotion into something or taking an approach that is considered extreme. The phrase can also imply that the actions being taken are unnecessary or unwarranted.,,Infer the meaning of the phrase “you’re going over the top with that.”,70,327
Two players from the Kansas City Chiefs team are Patrick Mahomes and Tyreek Hill.,,Name two players from the Chiefs team?,38,81
"The chemical reaction type for the given equation Al + O2 → Al2O3 is a synthesis reaction or a direct combination reaction. In this reaction, two or more substances, Aluminum and Oxygen, react to form a single product, Aluminum oxide.",Al + O2 → Al2O3,Identify the chemical reaction type for the following equation.,63,234
"""Summer is the season of love and sunshine.""","love, summer",Generate a phrase using these words,35,44
He said hello. He waved goodbye.,He said hello and waved goodbye.,Split the following sentence into two separate sentences.,57,32
"Here is a list of 10 items one would need to prepare a simple sandwich:

1. Sliced bread - Both white and whole wheat are fantastic options for a sandwich.
2. Spread - There are many sandwich spreads to choose from, including mayonnaise, mustard or butter.
3. Protein filling - Choose what you like best or whatever you have on hand, like chicken, ham, turkey, or tuna.
4. Lettuce - Fresh leaves of lettuce add a crunch to your sandwich, and are a great source of fiber.
5. Tomato - Slice it and layer it in, they add flavor and moisture to the sandwich.
6. Cheese - Slices of cheese like swiss, cheddar or mozzarella add an extra level of taste and richness.
7. Onion - Thinly sliced red onion adds a sweet and slightly spicy flavor to the mix.
8. Cucumber - Thinly sliced cucumber is crisp, refreshing, and low in calories.
9. Salt and pepper - A little seasoning brings out the flavor of all the other ingredients.
10. A knife - You will need a knife to spread condiments, slice vegetables, and cut your sandwich in half, if preferred.",,Generate a list of 10 items one would need to prepare a simple sandwich,71,1038
"1. Virtual Assistant Services: A website that provides virtual assistance services to busy individuals to assist them with their daily tasks and commitments.

2. Online Grocery Delivery: A website that specializes in delivering groceries right to the doorstep, saving busy people the time and effort of going to the grocery store.

3. Appointment Scheduling: A website that provides an easy and efficient way to schedule appointments, book reservations, and manage a busy calendar.

4. On-Demand Cleaning Services: A website that offers on-demand cleaning services, making it easier for busy individuals to keep their homes tidy without sacrificing their time.

5. Personal Concierge: A website that provides personal concierge services for busy people, such as booking travel arrangements, conducting research, or running errands.

6. Virtual Nutritionist: A website that provides personalized nutrition plans and meal recommendations for busy individuals who want to eat healthily but don't have the time to plan their meals.

7.Task Management: A website that helps busy people manage and organize their tasks and responsibilities, prioritizing them and ensuring nothing falls through the cracks.

8. Virtual Fitness trainer: A website that provides personalized, virtual fitness training for busy people who don't have the time to hit the gym.

9. Virtual Therapy: A website that offers virtual therapy and mental health services, providing a convenient and accessible way for busy individuals to prioritize their mental health and well-being.

10. On-demand Child-care Services: A website that provides on-demand childcare services to help busy parents find reliable and trustworthy caregivers for their children when they need an extra hand.",,Create a list of website ideas that can help busy people.,57,1747
"Quantum computing is a relatively new and rapidly evolving field that seeks to harness the principles of quantum mechanics to perform operations on data in ways that classical computers cannot. At its core, a quantum computer uses qubits (quantum bits) rather than the traditional bits of classical computing. A qubit is a unit of quantum information that can exist in both a 0 and 1 state simultaneously, due to the quantum phenomenon known as superposition. 

This ability to occupy multiple states at once allows qubits to perform multiple calculations simultaneously, potentially allowing quantum computers to solve certain problems much faster than their classical counterparts. For certain tasks, such as factoring large numbers, quantum computers can offer significant advantages in speed and efficiency.

Quantum mechanics also allows for another powerful capability, called entanglement, which is a kind of correlation between separated particles that allows them to behave as one system even when separated by large distances. This property can be leveraged to create quantum algorithms that are more efficient than classical algorithms for specific types of problems, such as optimization or machine learning.

The field of quantum computing is still in its early stages, and both theoretical and practical challenges remain. However, as technology improves, quantum computers are expected to have major implications for fields such as cryptography, chemistry, and artificial intelligence, among others.",,Write a general overview of quantum computing,45,1514
"The possible outcomes of rolling a six-sided dice are: 1, 2, 3, 4, 5, and 6. Each number has an equal probability of being rolled, which is 1/6.",,State the possible outcomes of a six-sided dice roll.,53,144
The project was challenging but successful.,,Rearrange the following words to make a meaningful sentence: the / project / was / but / on / successful / challenging.,119,43
"H 

Welcome to the Thanksgiving Quiz! Are you ready to test your knowledge about the first Thanksgiving? Let's begin!

1) In what year was the first Thanksgiving celebration held?
a) 1512
b) 1621
c) 1700
d) 1776

2) The pilgrims celebrated the first Thanksgiving with which Native American tribe?
a) Cherokee
b) Sioux
c) Wampanoag
d) Navajo 

3) Why did the pilgrims celebrate the first Thanksgiving?
a) To celebrate their arrival in America
b) To give thanks for a successful harvest
c) To mark the end of a war
d) To celebrate a wedding

4) What was the main dish served at the first Thanksgiving?
a) Turkey
b) Beef
c) Venison
d) Ham

5) How long did the first Thanksgiving celebration last?
a) 1 day
b) 3 days
c) 1 week 
d) 2 weeks

6) True or False: The first Thanksgiving was actually called ""Thanksgiving"" by the pilgrims.

7) Which of these foods were NOT served at the first Thanksgiving?
a) Pumpkins
b) Potatoes
c) Corn 
d) Cranberries

8) True or False: The first Thanksgiving was a religious event.

9) Who organized the first Thanksgiving feast?
a) William Bradford
b) John Smith
c) Christopher Columbus
d) George Washington

10) How many people attended the first Thanksgiving?
a) 50
b) 90
c) 120 
d) 140 

Answers: 1) b) 1621, 2) c) Wampanoag, 3) b) To give thanks for a successful harvest, 4) c) Venison, 5) b) 3 days, 6) False, 7)b) Potatoes, 8)False, 9) a) William Bradford, 10) b) 90

 Congratulations for finishing the quiz! How many questions did you answer correctly?",,Create a quiz that asks about the first Thanksgiving.,53,1488
"The quotation by Albert Einstein is as relevant today as it was when he first spoke these words. The quote reminds us of the importance of recognizing the value of diverse talents, skills, and abilities. In today's society, there is a lot of pressure to conform to certain standards and benchmarks of success, which often involves excelling in traditional academic subjects and pursuing certain career paths.

However, Einstein's words remind us that everyone has their own unique strengths and abilities, and judging someone by a narrow set of criteria is unfair and can lead to feelings of inadequacy and low self-esteem. This is especially relevant in the context of education, where standardized testing and cookie-cutter curriculums often fail to account for the diverse range of abilities and learning styles among students.

The quote also speaks to the importance of celebrating diversity and individuality, rather than trying to fit everyone into the same mold. By recognizing and nurturing the unique talents and abilities of each person, we can create a more inclusive and equitable society, where everyone has the opportunity to reach their full potential.","""Everybody is a genius. But if you judge a fish by its ability to climb a tree, it will live its whole life believing that it is stupid."" – Albert Einstein","Given a quotation, present an argument as to why it is relevant today.",70,1168
"1. Reduction in the use of fossil fuels: If the synthetic material can be commercialized, it could contribute to a shift away from fossil fuels, reducing greenhouse gas emissions.\n2. Development of new technology: The discovery could pave the way for the development of new solar energy technologies, such as flexible and portable solar panels.\n3. Widespread implementation of renewable energy: Given the potential efficiency of the new material, more people and businesses may embrace renewable energy sources, helping to combat climate change.","In a groundbreaking discovery, researchers have successfully generated electricity from a material that mimics the way plants produce energy through photosynthesis. The material, a synthetic polymer, can absorb sunlight and produce electrical current with remarkable efficiency. This discovery has the potential to revolutionize the renewable energy landscape.",You are given an article about a new scientific discovery. Provide three potential implications of the discovery.,113,547
"The most common emotion people feel when they lose a loved one is grief. Grief is a natural response to loss, and it involves a range of feelings from sadness and disbelief to anger, guilt, and loneliness. The grieving process is different for everyone, and it can take time for people to come to terms with their loss and begin to heal.",What is the most common emotion people feel when they lose a loved one?,Answer the given open-ended question.,37,337
"The compound word constructed from the words ""computer"" and ""science"" is: ""Computer science""","Computer, science",Construct a compound word using the following two words:,56,92
"A runner is like a flame, 
Fueled by the fire in their heart, 
Racing with passion, flickering with grace, 
A force that cannot be easily extinguished, 
Motion in its purest form, 
A light that guides the way.",A runner,Create a poetic metaphor that compares the provided person to an object or concept.,83,209
"1. Improved Heart Health: A plant-based diet has been shown to decrease the risk of heart disease and other cardiovascular issues, making it an excellent choice for athletes who need to keep their heart in top condition.

2. Enhanced Recovery Time: The anti-inflammatory properties of plant foods can help speed up recovery time post-workout by reducing inflammation and muscle soreness.

3. Increased Energy: Many plant foods contain complex carbohydrates that provide sustained energy, making it easier to train harder for longer.

4. Healthy Weight Maintenance: Plant-based diets are usually high in fiber and low in saturated fats, which makes it easier to maintain a healthy weight, reducing the risk of obesity and related health conditions.

5. Reduced Risk of Chronic Diseases: Plant-based diets have been linked to a lower risk of chronic diseases such as diabetes and certain types of cancer, keeping athletes in excellent overall health.

6. Better Digestion: The high fiber content of plant-based diets aids in digestion, reducing the risk of gastrointestinal problems that can interfere with athletic performance.

7. Increased Nutrient Intake: Plant foods are rich in essential vitamins and minerals that enhance overall health and improve athletic performance, such as iron for oxygen transport and calcium for strong bones.

8. Positive Environmental Impact: Eating a plant-based diet is not just good for athletes' health, it also has a positive impact on the environment by reducing the carbon footprint of food production.

9. Cost-Effective: Plant-based diets can be cost-effective, making it easier for athletes to eat healthily on a budget.

10. Improved Mental Health: Plant foods have been shown to improve mood and reduce anxiety and depression, improving the overall mental wellbeing of athletes.",,List the advantages of eating a plant-based diet for athletes.,62,1822
"Friend 1: Hey, did you watch the game last night?

Friend 2: Which one? There were so many on!

Friend 1: The football game between the Steelers and the Ravens.

Friend 2: Oh yes, I did catch that one. It was a great game!

Friend 1: Yeah, the Steelers really pulled through in the end.

Friend 2: I know! I was biting my nails the whole time.

Friend 1: Did you see that catch by Brown?

Friend 2: Oh yeah! That was insane.

Friend 1: It's always great to watch these two teams play against each other.

Friend 2: Definitely. They have such a strong rivalry.

Friend 1: Speaking of rivalries, are you planning on watching the basketball game between the Lakers and the Celtics next week?

Friend 2: Yeah, I'm really looking forward to that one. It's always a classic matchup.

Friend 1: I know right? It's going to be epic.

Friend 2: I can't wait. It's going to be a great game.

Friend 1: For sure. Sports are always so much more exciting when there's a good rivalry involved.

Friend 2: Agreed. It just adds an extra layer of excitement to the game.",,Generate a conversation about sports between two friends.,57,1053
"Here is one potential algorithm to sort the provided list of numbers from smallest to largest:

1. Start by defining the input list of numbers: `numbers = [45, -102, 10, 3400]`
2. Create an empty list to store the sorted numbers: `sorted_numbers = []`
3. Find the smallest number in the input list: `smallest_number = min(numbers)`
4. Add the smallest number to the sorted list: `sorted_numbers.append(smallest_number)`
5. Remove the smallest number from the input list: `numbers.remove(smallest_number)`
6. Repeat steps 3-5 until the input list is empty.
7. The resulting sorted list should be: `sorted_numbers = [-102, 10, 45, 3400]`","[45, -102, 10, 3400]",Create an algorithm to sort the following numbers from the smallest to the largest,82,635
"Blossom in the sun,
Laughter and joy become one,
Happiness has won.",,Write a haiku about being happy.,32,67
"Sure, here's an example:

```
function calculateSquareRoot(num) {
  if (num < 0) return NaN;
  if (num === 0) return 0;
  let x = num;
  while (true) {
    const new_x = (x + num / x) / 2;
    if (Math.abs(new_x - x) < 0.000001) return new_x;
    x = new_x;
  }
}
```

This function uses the Babylonian method for computing square roots, which is an iterative method that repeatedly improves the estimate of the square root using the formula: `x_(n+1) = (x_n + num / x_n) / 2`. The loop continues until the difference between the current estimate and the previous estimate is less than some small epsilon (in this case, `0.000001`).",,Write a javascript function which calculates the square root of a number without any libraries.,95,632
"The Shawshank Redemption is a timeless classic that redefines the genre of drama films. The story is set in a prison, where the main character, Andy, is sentenced to life imprisonment. The film follows his journey as he navigates through the harsh environment of the prison while forming a close bond with a fellow inmate named Red. 

The performances by the lead actors, Tim Robbins and Morgan Freeman, are nothing short of exceptional. The depth of emotion they bring to each of their characters is truly remarkable, and they manage to convey the resilience of the human spirit in the face of adversity. 

The direction by Frank Darabont is brilliant, and the film is filled with moments that are both poignant and powerful. The screenplay is equally impressive and brings to life the characters in a manner that is both realistic and deeply moving.

Overall, The Shawshank Redemption is a film that leaves a lasting impression on the viewer. It is a tale of hope, friendship, and redemption that is sure to touch the hearts of all those who watch it. Highly recommended!",Movie title: The Shawshank Redemption,Output a review of a movie.,27,1073
"1. Leafy Greens: Foods such as spinach, kale, and collard greens are low in calories but high in fiber, making them excellent choices for weight loss. These greens can help you feel full and reduce your overall calorie intake.

2. Lean Protein: Foods such as chicken, turkey, fish, and tofu are great sources of lean protein. Protein is an important nutrient for weight loss because it can help you feel full, reduce cravings and provide energy for workouts.

3. Whole Grains: Whole grains such as oats, brown rice, and quinoa can be great for weight loss because they are packed with fiber and nutrients. These foods can help you feel full for longer periods of time and provide sustained energy throughout the day.",,Suggest three foods to help with weight loss.,45,716
The company was in dire financial straits and on the brink of bankruptcy.,"Word: Dire
Definition: Dire means very serious or desperate; often has negative connotations.",You are provided with a definition of a word. Generate an example sentence that illustrates the meaning of the word.,116,73
"A grocery store database hierarchy could be organized in the following structure:

1. **Store Information**: This would include details about the store such as its name, location, address, and contact information.

2. **Department**: The store could be divided into different departments such as produce, dairy, meat, bakery, and others. Each department could have its own information such as its name, description, and location within the store.

3. **Product**: Each department would have its own set of products. Product information could include its name, description, brand, packaging, price, and stock quantity.

4. **Employee**: The database would also contain information about the store's employees such as their name, contact information, role or position, hire date, and salary.

5. **Customer**: The database could also store information about the store's customers such as their name, contact information, and shopping history.

6. **Transaction**: The database would need to store information about the store's transactions or sales. This could include the date and time of the transaction, the customer who made the purchase, the products purchased, the total cost, and the payment method used.

This hierarchical structure would enable the grocery store to keep track of all its departments, products, employees, customers, and transactions in an organized and efficient manner.",,Design the hierarchy of a database for a grocery store.,55,1394
"1. Personalize it: Customize your cover letter for the specific job and company to which you're applying. Address it to the hiring manager if possible, and mention the company's name and the job title at least once. Show an understanding of the company's mission, and explain why you would be a good fit for both the position and the company culture.

2. Highlight your skills and achievements: Mention your relevant skills and give specific examples of how you have used them to achieve successes in the past. This will help the hiring manager see how your skills could be applied in the new position, and it will help them understand what you might bring to the company.

3. Keep it brief and direct: A cover letter should be no more than one page, with clear and concise paragraphs. Avoid repeating information from your resume, and instead focus on the most important details that you want the hiring manager to know. End your letter with a call to action, such as requesting an interview or stating that you are looking forward to hearing from them.",,Provide three tips for writing a good cover letter.,51,1054
"Here is the list of ingredients ordered from lowest to highest in calories:
 
1. Black beans
2. Almonds
3. Cheddar cheese","Almonds, black beans, cheddar cheese",Order the following list of ingredients from lowest to highest in calories,74,121
The film has a good idea but is hindered by unoriginal writing and exaggerated performances.,,"Summarize the given film review:

The movie has a strong premise but is filled with cliched dialogue and over-the-top acting.",125,92
"The word ""it"" is a pronoun that is used to refer to a singular noun that is not a person, such as an object or an animal. It can be replaced by other pronouns like ""that"", ""this"", ""he"" (if the object is personified), and ""she"" (if the object is personified). In cases where ""it"" is used to refer to an unspecific or unknown thing, the pronouns ""something"" or ""anything"" may be used as replacements.",,Which type of pronouns can be used to replace the word 'it'?,60,398
"1. The signing of the Declaration of Independence
2. The Battle of Saratoga
3. The acceptance of the Constitution","- The acceptance of the Constitution
- The signing of the Declaration of Independence 
- The Battle of Saratoga",Organize these three pieces of information in chronological order,65,113
"Photosynthesis is the process by which plants, algae, and some bacteria convert sunlight into chemical energy in the form of glucose or other sugars. This process takes place in the chloroplasts, which contain chlorophyll, the pigment that absorbs light energy. During photosynthesis, carbon dioxide (CO2) and water (H2O) are used in the presence of light to produce glucose (C6H12O6) and oxygen (O2). The process can be simplified into two stages: the light-dependent reaction, where light energy is converted into chemical energy in the form of ATP and NADPH and the light-independent reaction or Calvin cycle, where CO2 is fixed into carbohydrates using the energy generated from the first stage. Photosynthesis is the primary source of energy for nearly all life on Earth, and is essential for the Earth's ecosystem, removing CO2 from the atmosphere and releasing O2.",,Describe the process of photosynthesis in 5 sentences.,54,871
"An acolyte is an assistant or follower, often in a religious service or ceremony, such as an altar server or attendant. The term can also refer to anyone who is a devoted follower or supporter of a leader, cause, or organization.",,Look up the definition of the word 'acolyte'.,45,229
He is visiting the museum every week.,He visits the museum every week.,"For the following story, rewrite it in the present continuous tense.",68,37
"The article discusses how AI is being integrated into the healthcare industry to improve patient care and outcomes by enhancing automation, diagnostics, and personalized treatment plans.",,"Compose a one-sentence summary of the article ""How AI is Transforming the Future of Healthcare""",95,186
4/5,I really enjoyed this book. It was an engaging read and had an interesting plot.,Assign a score out of 5 to the following book review.,53,3
"""Is Your Data Really Private? The Inside Scoop on Data Privacy and Protection""",,Create a catchy headline for an article on data privacy,55,78
"Apples: 
- Fuji 
- Honeycrisp 
- Granny Smith 

Oranges: 
- Navel 
- Valencia","Fuji, Honeycrisp, Granny Smith, Navel, Valencia",Sort the following list into two groups: Apples and Oranges,59,77
"Sure, here are the names of three European countries:

1. France
2. Germany
3. Italy",,Name three European countries.,30,84
"Baking a cake is a fun and relatively easy process that requires a few ingredients and some simple steps. Here is a simple procedure to follow to bake a cake:

1. Collect your ingredients: You will need flour, sugar, eggs, butter, baking powder, milk, and vanilla extract for a basic cake recipe. Make sure to measure out the correct quantities according to the recipe you are following.

2. Preheat the oven: Most cakes are baked at 350 degrees Fahrenheit, so preheat your oven to this temperature to ensure that your cake will bake evenly.

3. Prepare the pan: Grease and flour a 9-inch cake pan to prevent the cake from sticking.

4. Mix the ingredients: In a mixing bowl, cream together the butter and sugar until light and fluffy. This can be done using a stand mixer, an electric hand mixer, or by hand. Once the butter and sugar are creamed, add the eggs one at a time, mixing well after each addition. Stir in the vanilla extract. In a separate bowl, mix together the flour, baking powder, and salt. Add the dry ingredients to the wet ingredients in three parts, alternating with the milk, beginning and ending with the dry ingredients. Mix until everything is well combined.

5. Pour the batter into the pan: Pour the batter into your prepared cake pan, and smooth the top with a spatula.

6. Bake the cake: Place the cake on the middle rack of your preheated oven, and bake for 30-35 minutes, or until a toothpick inserted into the center of the cake comes out clean.

7. Cool the cake: Once the cake is finished baking, remove it from the oven, and let it cool in the pan for 10 minutes before transferring it to a wire rack to cool completely.

8. Serve and enjoy: Once the cake is completely cool, you can decorate it, if desired. Serve with your favorite frosting, sliced fruit or whipped cream, and enjoy.",How to bake a cake.,Explain a procedure for given instructions.,43,1820
"Ocean acidification is the process of increasing acidity in the world's oceans due to the absorption of carbon dioxide from the atmosphere. An example of this is the impact it has on the Great Barrier Reef off the coast of Australia. 

As the ocean absorbs carbon dioxide, it reacts with seawater to produce carbonic acid, which in turn reduces the availability of carbonate ions. These ions are necessary for building shells and skeletons of marine organisms such as corals, mollusks and some species of plankton. The reduction in carbonate ions makes it difficult for these organisms to form and maintain their hard outer shells or skeletons.

In the case of the Great Barrier Reef, ocean acidification is resulting in slower growth rates and weaker skeletons, making the coral more vulnerable to stress factors and more susceptible to diseases, storms and coral bleaching. This not only affects the coral, but the entire ecosystem which relies on the coral for shelter and food.  Hence, ocean acidification is a major concern for the health and survival of coral reefs and marine biodiversity worldwide.",,Describe an example of ocean acidification.,43,1106
"I'm sorry, but I'm an AI language model and I don’t have the ability to provide personalized financial advice. Investing in stocks carries inherent risks and potential rewards, and the decision to invest should be based on your individual financial situation, goals, and risk tolerance. It's always a good idea to do your research, carefully consider your options, and/or consult a financial advisor before making any investment decisions.",,Should I invest in stocks?,26,439
"Verse 1:
There's a light that shines within us,
A beacon of hope and love,
Guiding us through the darkest times,
A force that will always rise above.

Chorus:
Let your light shine, let it be free,
For you are beautiful, inside and out,
Let your heart guide you, let it lead the way,
For you have a strength that no one can doubt.

Verse 2:
In this world, there is so much to see,
So many wonders to discover,
Take a chance and let your dreams fly,
For there is so much left to uncover.

Chorus:
Let your light shine, let it be free,
For you are beautiful, inside and out,
Let your heart guide you, let it lead the way,
For you have a strength that no one can doubt.

Bridge:
Life, it can be hard sometimes,
But don't give up, keep on trying,
For your light will never fade,
And your spirit will keep on flying.

Outro:
So let your light shine, let it be free,
For you are beautiful, inside and out,
Let your heart guide you, let it lead the way,
For you have a strength that no one can doubt.",,Generate a new song verse with your own unique lyrics.,54,992
"🎶
Twinkle, twinkle, little star,
How I wonder what you are,
Up above the world so high,
Like a diamond in the sky.

When the blazing sun is gone,
When he nothing shines upon,
Then you show your little light,
Twinkle, twinkle, all the night.

Then the traveler in the dark,
Thanks you for your tiny spark,
He could not see which way to go,
If you did not twinkle so.

In the dark blue sky you keep,
And often through my curtains peep,
For you never shut your eye,
Till the sun is in the sky.

As your bright and tiny spark,
Lights the traveler in the dark.
Though I know not what you are,
Twinkle, twinkle, little star.

Twinkle, twinkle, little star,
How I wonder what you are,
Up above the world so high,
Like a diamond in the sky. 🎶",,Sing a children's song,22,734
"The main character traits of a protagonist vary depending on the story and its genre. However, there are some general traits that many protagonists tend to possess including:

1. Courage: Protagonists are brave enough to face and overcome challenges encountered in their journey. 
2. Determination: They are often determined to achieve their goals and will persist even when faced with obstacles.
3. Empathy: Protagonists tend to have an ability to understand and share the feelings of others, which makes them relatable and likeable to readers or viewers.
4. Intelligence: Protagonists often have strong problem-solving skills and are quick at thinking on their feet, enabling them to navigate complex situations.
5. Resilience: They tend to bounce back from setbacks, and continue to pursue their objectives with renewed vigor.
6. Leadership: Protagonists are often natural leaders, who can rally others to their cause and inspire them to work towards a common goal.
7. Flawed: Many protagonists also have flaws or weaknesses which can serve to humanize them and make them more relatable.

These traits not only make the protagonist a compelling and interesting character but also help drive the story forward as they work towards achieving their goals.",,Identify the main character traits of a protagonist.,52,1255
"The four basic operations of a computer, often abbreviated as the ""Four Functions of a Computer,"" are:

1. Input: This refers to the process by which a computer receives data from an external source, such as a keyboard, mouse, or scanner. The data is then converted into a format that the computer can process.

2. Processing: This is the operation where the computer performs calculations on the data it receives. The Central Processing Unit (CPU) carries out program instructions to manipulate, calculate or organize data.

3. Output:  This is the process by which the computer outputs the processed data in a form that can be understood by the user. Examples of output devices include a monitor, printer, or speakers.

4. Storage: This operation involves saving data for later use. Computers store data either temporarily (in RAM) or permanently (on a hard drive, solid-state drive or external storage devices).",,What are the 4 operations of computer?,38,914
"The class is nearly finished, and as a result, some students can begin their summer jobs.",The class is nearly finished. Some students can begin their summer jobs.,Add a transition between the following two sentences,52,89
"Here are a few suggestions for puppy names - 

1. Bella - This charming name meaning 'beautiful' is perfect for a furry friend with a pretty face and a captivating demeanor.
2. Max - A name befitting your furry friend who's always by your side, watching over you and ever ready to come to your rescue.
3. Luna - A dreamy, mystical name for a pup who strikes an other-worldly pose, Luna means 'Moon' and is perfect for your regal, starry-eyed companion.
4. Charlie - This name packs in heaps of playfulness and warmth, much like your best friend, who's always up for any adventure that comes his or her way.
5. Lucy - For the lively, spirited friend who's always looking to raise the woof, Lucy is perfect, and encompasses boundless energy and joy.",,Suggest an appropriate name for a puppy.,40,747
"A linear equation in one variable typically takes the form of: `ax + b = c`, where `a`, `b`, and `c` are constants and `x` is the variable.

Here is an example of a linear equation in one variable:

`3x - 5 = 16`

In this equation, `a` is 3, `b` is -5, and `c` is 16. Solving for `x`, we can determine the value of the variable `x` that makes the equation true.

To solve this equation, we follow these steps:

1. Move the constant term (-5) to the right-hand side of the equation by adding 5 to both sides:

`3x - 5 + 5 = 16 + 5`
which simplifies to:
`3x = 21`

2. Divide both sides of the equation by the coefficient of the variable (`a`, which is 3 in this case) to find the value of `x`:

`(3x)/3 = 21/3`
which simplifies to:
`x = 7`

Thus, we have found that the value of `x` that satisfies the equation `3x - 5 = 16` is 7.",,Construct a linear equation in one variable.,44,828
"**Beef and Broccoli Stir Fry with Ginger Honey Sauce**

Ingredients (serves 4):
- 1 lb flank steak, sliced into thin strips
- 4 cups broccoli florets
- 1 tbsp vegetable oil
- 2 cloves garlic, minced
- 1-inch piece of ginger, peeled and grated
- 1/2 cup soy sauce
- 1/4 cup honey
- 2 tbsp rice vinegar
- 1 tsp sesame oil
- 1 tbsp cornstarch
- Salt and pepper to taste
- Cooked rice, for serving
- Green onions, sliced (optional)

Instructions:
1. In a small mixing bowl, whisk together the soy sauce, honey, rice vinegar, sesame oil and cornstarch. Set aside.
2. Heat the vegetable oil in a large wok or frying pan over high heat. 
3. Add the beef strips and cook for 3-4 minutes until browned. 
4. Add the garlic and ginger, and cook for another minute until fragrant.
5. Add the broccoli florets and stir fry for a few minutes until tender. 
6. Pour in the sauce and stir everything together, letting the sauce thicken for a couple of minutes. 
7. Season with salt and pepper to taste. 
8. Serve the beef and broccoli stir fry over rice, garnished with sliced green onions if desired.

**Spicy Szechuan Beef and Broccoli Stir Fry**

Ingredients (serves 4):
- 1 lb flank steak, sliced into thin strips
- 4 cups broccoli florets
- 1 tbsp vegetable oil
- 3 cloves garlic, minced
- 1/2 cup soy sauce
- 1/4 cup hoisin sauce
- 2 tbsp chili sauce (such as Sriracha)
- 2 tbsp rice vinegar
- 1 tbsp cornstarch
- 1 tsp sugar
- 1 tbsp sesame seeds
- Cooked rice or noodles, for serving

Instructions:
1. In a small mixing bowl, whisk together the soy sauce, hoisin sauce, chili sauce, rice vinegar, sugar, and cornstarch. Set aside.
2. Heat the vegetable oil in a large wok or frying pan over high heat. 
3. Add the beef strips and cook for 3-4 minutes until browned. 
4. Add the garlic and stir fry for another minute until frag",Beef and broccoli stir fry,Add two new recipes to the following Chinese dish,49,1819
"If you live in the city and want to engage in some short running activities, there are several excellent routes that you can take. For a start, you can consider heading down to your city's central park where you can find a scenic loop, free of cars, which usually ranges between 1.5 and 2 miles, allowing you to take in the beauty and peace of the park while getting your exercise. Alternatively, you can opt for a brisk run around your neighborhood, sticking to sidewalks and quieter streets, or even utilize riverfronts or waterfront paths that offer stunning city views while you run. Lastly, many cities also have running or jogging-specific trails, such as old railroad tracks converted into greenways, so you might check to see if there's one near you.",,Suggest a short running route for someone who lives in the city.,64,758
"We start with the system of equations:

ax + by = 3
ax^2 + by^2 = 7
ax^3 + by^3 = 16
ax^4 + by^4 = 42

We want to find the value of ax^5 + by^5. We can simplify things by defining the following sequences:

s1 = ax + by
s2 = ax^2 + by^2
s3 = ax^3 + by^3
s4 = ax^4 + by^4

Then our goal is to find s5 = ax^5 + by^5.

Next, we notice that we can derive a relationship between the s values as follows:

(x+y)(ax^n + by^n) = ax^(n+1) + bxy^n + ax^ny + by^(n+1) 

In other words, (x+y)s_n = s_(n+1) + xys_(n-1) for all n. 

Using this relationship, we can find x+y and xy as follows:

s2(x+y) = s3 + s1xy
s3(x+y) = s4 + s2xy

Solving this system of equations gives us:

x + y = -14
xy = -38

Now, we can use the relationship we derived earlier with n = 4 to find s5:

42(x + y) = s5 + 16xy

Plugging in our values for x+y and xy and solving for s5, we get:

s5 = 20

Therefore, the value of ax^5 + by^5 is 20.",,"If a, b, x, and y are real numbers such that ax+by=3, ax^2+by^2=7, ax^3+by^3=16, and ax^4+by^4=42, find ax^5+by^5.",114,903
"1. Greenhouse gas emissions
2. Deforestation
3. Fossil fuel burning
4. Industrial processes
5. Agricultural practices and livestock raising
6. Transportation and travel
7. Waste production and disposal
8. Land-use changes
9. Energy production and usage
10. Water vapor increase in atmosphere.",,Generate a list of the top 10 causes of global warming.,55,292
Here's a smiley face using ASCII characters:  ` :-) `,,Generate a smiley face using only ASCII characters,50,53
"Starting a business can seem overwhelming, but taking small steps can make it manageable. Here are some tips to help you get started on the right path.

1. Develop a Business Plan: Creating a business plan will help you think through what you want your business to achieve, who your customers are, and how you will reach your goals. It’s also essential if you want to secure funding.

2. Research your Market: It's crucial to understand the needs of your target audience and to investigate your competition. You will want to offer something unique and valuable to your customers.

3. Secure Funding: Starting a business often requires investment. Consider all your options, from bank loans to crowdfunding to personal investment, and choose the option that's best for your business.

4. Create a Brand: Your business needs a strong identity that your customers can identify with. Be sure to create a clear and authoritative logo, and make sure it's consistent across all aspects of your brand, from business cards to websites.

5. Stay Organized: Starting a business can be a chaotic process with so many moving parts. It is essential to staying on top of your finances, business plans, and everyday responsibilities.

6. Be Flexible: Starting a business requires adaptability, and you'll need to be prepared to make changes when required. Be open to feedback, and listen to your customers when they offer critiques or suggestions.

7. Be Patient: Success doesn't happen overnight, so be patient and persevering. Keep your goals in mind and work towards them every day.

Remember, starting a business is a huge undertaking, so be kind to yourself, and don't be afraid to seek help when you need it. Whether you turn to a business mentor or join a local networking group, there are lots of resources out there to help you build a successful business.",,Offer advice to someone who is starting a business.,51,1849
"1. Short (modifies hair)
2. Curly (modifies hair)
3. Loudly (modifies laughed)",The girl with short curly hair laughed loudly.,Find the modifiers in the sentence and list them.,49,78
"""The house was large and painted green.""",,"Edit the following sentence: ""The house was green, but large.""",62,40
"A good formal essay consists of several components that help the writer convey their message effectively to the reader. These components include:

1. Introduction: The introduction should introduce the topic, provide context and background information, and present the thesis statement. It should effectively capture the reader's attention and provide a clear focus for the rest of the essay.

2. Thesis Statement: The thesis statement is a concise summary of the main point or argument of the essay. It should clearly state the main idea that the essay will support and develop.

3. Body Paragraphs: The body paragraphs should develop and support the thesis statement by presenting evidence, examples, and analysis. Each paragraph should have a topic sentence, which introduces the main idea of the paragraph, and should be organized in a logical and coherent manner.

4. Transitions: Transitions are words or phrases that help the reader move smoothly from one idea to the next. They should be used between paragraphs and within paragraphs to provide coherence and clarity to the essay.

5. Conclusion: The conclusion should restate the thesis statement, summarize the main points, and provide a sense of closure. It should bring the essay to a logical and satisfying end, without introducing any new information or ideas.

6. Formal Language and Style: A formal essay should use formal language and a formal style, avoiding slang, contractions, and colloquialisms. The tone should be objective, and the writing should be clear and concise.

7. Proper Citations: A formal essay should properly cite any sources used, using the appropriate citation style. This provides credit to the original authors and allows the reader to locate and verify the information presented in the essay.

8. Formatting: A formal essay should follow the standard formatting guidelines, such as using a readable font, double spacing, and including page numbers. It should also follow any specific guidelines provided by the instructor or publisher.",,Identify the components of a good formal essay?,47,2027
I can do this if I put in some effort and seek the right support.,I can't do this.,Rewrite this sentence to reflect a positive attitude,52,65
"Pros of using a hot air balloon for transportation:

1. Scenic and unique experience: Hot air ballooning is a unique way to travel that offers panoramic views of the surroundings.

2. Eco-friendly: Hot air balloons use wind currents to travel, producing no harmful emissions and reducing the carbon footprint of travel.

3. Low noise levels: With no engine, a hot air balloon ride is very peaceful, and the low noise level makes for a tranquil and serene ride.

4. A good conversation starter: Taking a hot air balloon ride is not an everyday activity, and the experience can make for an interesting conversation topic.

Cons of using a hot air balloon for transportation:

1. Weather dependent: Hot air ballooning is very weather dependent, with flights being canceled in high winds or thunderstorms, making it an unreliable mode of transport.

2. Slow: Hot air balloons travel at the mercy of the wind currents and cannot be steered in a specific direction, which makes for a slower and longer journey.

3. Limited capacity: Hot air balloons are not designed to carry large numbers of passengers, limiting their use as a mass transportation option.

4. Expensive: Hot air balloon rides can be quite expensive, and the cost can be prohibitive for regular use as a mode of transportation.

5. Low accessibility: Hot air balloons need a large, open space to launch and land, which makes them less accessible in urban areas.",,List some pros and cons of using a hot air balloon for transportation.,70,1422
"Coronavirus, also known as COVID-19, is a respiratory illness caused by the SARS-CoV-2 virus. The virus was first identified in Wuhan, China in December 2019 and quickly spread globally, becoming a pandemic. Common symptoms of COVID-19 include fever, cough, and difficulty breathing, although some people may have mild or asymptomatic cases. The virus is primarily spread through respiratory droplets from an infected person, and transmission can occur even if the person does not show symptoms. The best way to prevent the spread of the virus is through social distancing, wearing a mask, and practicing good hygiene. Several vaccines have been developed and are being distributed, with the goal of achieving herd immunity and slowing the spread of the virus. However, variants of the virus, such as the Delta variant, have emerged and are causing concern. It is important to continue practicing prevention measures and following guidance from health authorities to combat the pandemic.",,Summarize what we know about the coronavirus.,45,987
Tom Hanks is a famous actor who has won two Oscars for Best Actor for his roles in Philadelphia (1993) and Forrest Gump (1994).,,Name a famous actor who has won an Oscar for Best Actor,55,127
"""Journey into the Unknown: One Family's Discovery of the Past""",,Suggest a story title for the passage you just wrote.,53,62
"The gravitational effect of the Moon on the Earth is primarily responsible for the phenomenon of tides, where the rise and fall of sea levels occur due to the gravitational pull between the two celestial bodies. The Moon's gravity causes a cyclical bulge of water on the Earth's surface that faces the Moon, subsequently causing high tides, with another bulge occurring on the opposite side because of the inertial force of the Earth's rotation.

Additionally, The Moon's gravitational force stabilizes the Earth's axial tilt, which affects the climate and seasons. Without the Moon, Earth's axial tilt could undergo large variations, leading to dramatic climate change.",,What is the gravitational effect of the Moon on Earth?,54,670
"My love, my heart's pure essence, my light 
In you, my soul has found its greatest might 
Each breath of yours, a symphony so grand 
A masterpiece, so true, in love's command 

In you I see, the blossom of the dawn 
A beauty and a grace, forever drawn 
Your smile, like sunshine chasing clouds away
Bringing warmth and hope to each new day.

My love, my passion, my everything 
The rhythm to my heartbeat's softest string 
In you, a love so enchanting, so real,
A passion overwhelming, all I feel.

My heart will forever sing your praise 
As I am lost in love's sweetest maze
You are my reason, my north star, my guide 
With you, I am truly alive inside.

My love, in every moment of each day
I thank the stars that you came my way 
For with you, my heart has found its home,
My love, in you, I’m never alone.",,Compose a love poem for someone special.,40,809
"Here's a possible mnemonic: ""LET's go to the Baltic capitals"". Each letter in the word ""LET"" represents the first letter of each capital city in the region: L for Tallinn of Estonia, E for Riga of Latvia and T for Vilnius of Lithuania.",,Create a mnemonic to remember the capital cities of the three Baltic countries.,79,235
"Sunshine and warmth bring us out doors
Petals bloom, and bees are buzzing
Rain showers that make the gardens grow
Incredible time for new beginnings  
Nature awakens from a winter slumber
Green grass, and leaves on the trees once more",Spring,Generate an acrostic poem.,26,234
"One creative idea for a team-building exercise could be a ""Virtual Escape Room"" challenge. In this activity, team members work together to solve puzzles and complete tasks to ""escape"" a virtual room within a set time limit. To make it more interactive and engaging, the escape room can be designed around a specific theme or storyline, such as a heist or a treasure hunt. 

In the virtual escape room, team members will have to communicate effectively, delegate tasks, and rely on each other's strengths to successfully complete the challenge. This activity not only promotes collaboration and problem solving, but it also allows team members to get to know each other better and have some fun in the process.",,Brainstorm a creative idea for a team-building exercise.,56,709
"Step 1: Define the categories and associated keywords
- Nature: mountain, vegetation, landscape, forest, beach, river, lake, ocean
- Sports: football, basketball, hockey, tennis, running, cycling, fitness
- Technology: computer, internet, software, AI, smartphone, device, gadget
- Food: pizza, pasta, burger, fruit, vegetable, cooking, recipe, cuisine
- Art: painting, sculpture, music, theater, dance, literature, poetry

Step 2: Tokenize and preprocess the input text
- Convert the input text to lower case: ""this is a breathtaking landscape of mountains and lush vegetation.""
- Split the text into individual words: ['this', 'is', 'a', 'breathtaking', 'landscape', 'of', 'mountains', 'and', 'lush', 'vegetation']

Step 3: Count the number of keywords in the text for each category
- Nature: 3
- Sports: 0
- Technology: 0
- Food: 0
- Art: 0

Step 4: Determine the category with the highest count
- The category with the highest count is Nature.

Step 5: Return the classification
- The input text is classified as Nature.",This is a breathtaking landscape of mountains and lush vegetation.,Create an algorithm that classifies a given text into one of five categories.,77,1024
"One way to organize a closet efficiently is to follow these steps:

1. First, clear out everything from the closet and sort through the items. Donate or get rid of anything that you no longer wear or use.

2. Organize your clothes by type, such as separating shirts, pants, dresses, and jackets. Within these groups, you can then organize them by color, length or season.

3. Utilize shelving, hanging rods, and storage boxes or bins to maximize space. Place the most frequently used items at eye-level and within easy reach.

4. Use space-saving hangers and slim velvet hangers, these save a lot of horizontal space and give a cleaner look.

5. Use shelf dividers to keep stacks of folded clothes neat and tidy. 

6. Store off-season clothing or items that you rarely use in vacuum-sealed storage bags or in boxes on a higher shelf to free up space.

7. Consider using drawer organizers or storage boxes to keep smaller items, such as socks or undergarments, neat and easily accessible.

8. Make use of the closet door by hanging an over-the-door shoe organizer or hooks to store shoes, bags or accessories.

9. Finally, make sure to maintain the organization by putting things back in their designated spot after use and regularly reassessing and decluttering your closet.

By implementing these steps, you should be able to efficiently organize your closet and easily find what you're looking for.",,Suggest a way to organize a closet efficiently.,47,1400
"The IKEA side table is a fantastic addition to my home. It's simple, yet stylish design adds a touch of elegance to any room. It's the perfect size for placing next to a sofa or armchair, providing a convenient spot for a cup of coffee or book. The build quality and durability are excellent, and it's really easy to put together. It's a great value for the price and I would highly recommend it to anyone in need of a functional, well-made side table.",Product: IKEA side table,Train a GPT 3 language model to generate a realistic fake review for a given product.,85,452
"Here are some effective strategies that can help you increase your productivity:

1. Set Clear Goals: Start by setting clear goals and breaking them down into smaller, manageable tasks. Having a clear understanding of what you want to achieve helps keep you focused and motivated.

2. Use a To-Do List: Write down all the tasks you need to complete for the day or week, and prioritize them according to their importance and urgency. This helps you stay organized and on track.

3. Avoid Distractions: Identify and minimize distractions that take your attention away from your work. This could include turning off notifications for non-essential apps, working in a quiet environment, and avoiding multitasking.

4. Take Breaks Regularly: It's essential to take breaks regularly to recharge and refresh your mind. During your breaks, you can do a quick exercise, meditate, or even take a short walk to clear your head.

5. Use Tools and Apps: There are plenty of tools and apps available to help you stay productive. Use apps like Trello or Asana to manage your tasks, Pomodoro timers to maintain focus, and blocking apps to minimize distraction.

6. Optimizing your daily routine: It is important to have a morning routine aimed at increasing your energy and concentration during the day. Sleeping well, eating healthy and having a pleasant time to wake up are factors that have a strong influence on daily productivity.

By implementing these strategies, you can effectively increase your productivity, achieve your goals, and reach your fullest potential.",,Give me a strategy to increase my productivity.,47,1556
"Once upon a time, there was a young boy who dreamed of embarking on an epic journey. He longed for adventure and the thrill of exploring new lands. One warm summer evening, as he gazed out at the beautiful sunset, he knew that it was time to set out on his quest.

The boy packed a small bag with everything he would need for his journey and set out into the night. The sky was starry and clear, and the moon shone brightly, lighting his way. As he walked, he couldn't help but feel excited about the adventure that lay ahead.

Days turned into weeks as the boy journeyed further and further from home. He encountered all sorts of obstacles and challenges, but with each one he became stronger and more determined. The sun set and rose each day, marking the passage of time as he continued on his quest.

Finally, after many long weeks of travel, the boy reached his destination. He had discovered a new land, filled with wonders and beauty beyond anything he could have ever imagined. The sunset over this new world was more breathtaking than any he had ever seen, and the starry sky seemed to sparkle more brightly than ever before.

The boy knew that his journey had been worth every step, and he was grateful for the adventure that had brought him to this magical place. And so, as he watched the sun set on another day, he knew that this was just the beginning of a lifetime of exploration and discovery.",,"Write a story that uses the following four words: sunset, starry, journey, adventure",84,1409
"One idea for transporting a car from Denver to Texas in a creative way is to use helium filled balloons to float it through the sky. The car could be fitted with a harness and a large number of high-strength balloons could be attached to it. Once filled with helium, the balloons would lift the car up into the air, allowing it to be gently floated towards Texas. A small team of trained pilots could use drones to navigate the car and control its altitude, making sure it stays on course and avoiding any obstacles or hazards along the way. This would be a unique and visually stunning way to transport the car, and could draw a lot of attention and interest from people along the route.",,Think of a creative way to transport a car from Denver to Texas.,64,688
"One famous person who embodies the values of knowledge and creativity is Albert Einstein. He is widely regarded as one of the most brilliant and influential scientists of all time, and his groundbreaking theories and ideas have had a profound impact on our understanding of the universe. Einstein was a creative thinker who was able to develop new and innovative ideas, and he also had a deep and expansive knowledge of the scientific principles and theories of his time.",,Name a famous person who embodies the following values: knowledge and creativity.,81,471
"The smartphone app I would design would be a personal organization and productivity tool. The app would feature a clean and intuitive user interface, and it would be divided into several sections, including a calendar, to-do list, goal tracker, and note-taking section.

The calendar section would allow users to add events and appointments, set reminders, and view their schedule in a daily, weekly, or monthly layout. The to-do list would enable users to organize tasks into categories and prioritize them based on urgency and importance. The goal tracker would help users set and track their personal and professional goals, with features such as progress tracking and customizable milestones. Finally, the note-taking section would provide a space for users to jot down ideas and reminders, with the option to add images and voice recordings.

The app would also integrate with other commonly used applications, such as email and cloud storage, to provide a seamless experience. Users could set up custom notifications and reminders to ensure they stay on track with their tasks and goals. Overall, the app would be a comprehensive tool for managing time, organizing tasks, and achieving personal and professional goals.",,Design a smartphone app,23,1224
"""Heartbeats and Echoes""",,Create an appropriate title for a song.,39,23
"The city street is alive with energy and movement, as people from all walks of life hurry along the crowded sidewalks. The sounds of car horns and chatter fill the air, contributing to the lively atmosphere. Street vendors line the sidewalks, selling everything from hot dogs to exotic souvenirs, attracting customers with their colorful displays and enticing aromas. Traffic is heavy, with cars, buses, and bikes all vying for space on the busy roads. The bright lights of towering buildings and flashing signs illuminate the scene, creating a vibrant and bustling urban environment.",,Write a 100-word description of a bustling city street scene.,61,584
It is imperative for everyone to remember to bring their supplies to class.,Everyone must remember to bring their supplies to class.,"Rewrite the sentence using a different way of saying ""must"".",60,75
"I'm sorry, but as an AI language model, I cannot see the graphic you provided. Please provide a textual description of the graphic or any other text-based information so I can assist you better.",,Convert the following graphic into a text description.,54,194
"Here is a step-by-step instruction to make an egg sandwich:

1. Start by gathering all the ingredients you will need. These include bread, eggs, butter, mayonnaise, lettuce, salt, pepper and any other toppings or condiments you want to add.

2. Heat a non-stick skillet over medium heat, and add a small pat of butter to the skillet.

3. Crack the eggs into the skillet, and cook until the whites are set but the yolks are still runny. You can also flip the eggs over and cook for a few seconds on the other side if you prefer your yolks more cooked.

4. While the eggs are cooking, toast the bread to your desired level of toasty-ness. You can use a toaster, or you can toast the bread in the skillet by melting some butter on it and cooking the bread over medium-low heat until it is lightly browned on both sides.

5. Once the bread is toasted, spread one side of each slice with mayonnaise. Place the lettuce on top of one slice of bread.

6. When the eggs are cooked, use a spatula to carefully transfer them on top of the lettuce. Season with salt and pepper to taste.

7. Add any other toppings or condiments you want to include, such as cheese, sliced tomato, or bacon.

8. Top with the other slice of bread, mayonnaise side down. Cut the sandwich in half if desired, and serve immediately. Enjoy your delicious egg sandwich!",,"Imagine you are making an egg sandwich, write out a step-by-step instruction to make the sandwich.",98,1333
"In the next five years, technology is expected to advance significantly, driven by trends such as artificial intelligence (AI), virtual and augmented reality, the Internet of Things (IoT), 5G connectivity, and automation. Here are some ways technology may change in the coming years:

1. Greater adoption of AI and Machine Learning: The use of AI and machine learning will continue to grow, with more businesses and organizations incorporating these technologies into their operations. This will lead to more automation of tasks, improved accuracy and efficiency in data analysis, and the development of smarter and more intuitive software.

2. Widespread implementation of 5G: The rollout of 5G networks will revolutionize the way we connect and communicate, bringing faster internet speeds, stronger connections, and reduced response times. This will enable advancements in fields such as telemedicine, remote work, and gaming.

3. Advancements in VR and AR: Virtual and augmented reality technologies will continue to develop, with more immersive and interactive experiences becoming available. This will not only impact the entertainment industry but will also have implications for education, training, and simulation.

4. Expansion of IoT: The Internet of Things (IoT) will continue to expand, with more devices and appliances being connected and sharing data. This will result in more efficient and personalized interactions with technology, from smart homes to connected cars.

5. Continued growth of remote work: Advances in technology and the normalization of remote work during the pandemic will lead to continued growth in remote work. Tools for collaboration, communication, and productivity will continue to improve, making it easier for teams to work together despite geographic distances.

Overall, technology in the next five years is expected to continue driving innovation and change in virtually every industry, allowing for greater connectivity, automation, and efficiency.",,Predict how technology will change in the next 5 years.,55,1994
"The minimum value of `132 - 5 * 3` can be found by following the order of operations. First, you would solve the multiplication inside the expression, which is:

5 * 3 = 15.

Then, you can substitute this value into the expression, making it `132 - 15`.

Now, we will perform the subtraction:

132 - 15 = 117

So, the minimum value of `132 - 5 * 3` is 117.",,Find the minimum value of 132 - 5*3,35,356
"1. **Connect the power cable:** Start by confirming that the computer is correctly plugged into an electrical outlet, surge protector, or power strip (which should be turned on). Typically, a computer uses a 3-pronged power cord with one end connecting to the power supply unit (PSU) at the back of the computer case, and the other end is plugged into a wall socket.

2. **Turn on the power supply:** With the power cable connected, locate the power supply unit (PSU) switch, usually located at the back of the computer case near the power cord  - this switches the PSU on or off - and move it to the ""1"" or ""ON"" position.

3. **Press the power button:** Find the power button on the front of the computer case, and press it. This will send a signal to the power supply to start sending power throughout the system.

4. **The Boot Process:** Once the power button is pressed, the power supply sends an electrical current to the motherboard and other components. The motherboard's BIOS (Basic Input/Output System) is activated and conducts a Power-On-Self-Test (POST) to ensure all hardware is functioning correctly. If the POST is successful, it will then start the boot loader program, which is responsible for loading the operating system.

5. **Loading the Operating System:** Once the boot loader is activated, it will load the operating system (e.g., Windows, macOS) from the hard drive or SSD into the computer's memory (RAM). The operating system then initializes the system and loads drivers and services responsible for controlling the computer's hardware and software.

6. **Ready to Use:** After the operating system has loaded, the computer will display the login screen, and the user can log in to the system. At this point, the computer is powered up, and the user can begin using it to perform tasks, run applications, and access the internet.

Note: These steps assume that the computer is functioning correctly and has no issues with its hardware or software. If problems are encountered during the power-up process, a user may need to troubleshoot the issue or seek the assistance of a professional technician.",,Provide a step-by-step explanation of how a physical computer is powered up.,76,2128
"1. Create fun and functional storage containers: Cut and shape cardboard boxes into custom organizers for your drawers, cabinets, and desk.

2. Design a DIY pet toy or scratching post: Cats and rabbits both love to play and scratch on cardboard. Create a fun and sustainable toy for your furry friend by gluing together pieces of cardboard for them to chew or scratch on.

3. Make picture frames: Cut out and decorate cardboard frames for your favorite photos or artwork. You can even use different colors and patterns to create a gallery wall.

4. Build a fort: Let your imagination run wild and build a fort or playhouse for your kiddos using various sizes and shapes of cardboard boxes.

5. Craft homemade cards or stationery: Cut and fold your cardboard into unique cards or note paper and decorate with markers, paint, or collages.

6. Compost it: Cardboard can be an effective brown material in compost piles. Simply shred or tear up the cardboard and add it to the mix.

7. Use as mulch: In a similar vein, cardboard can be used as a weed barrier and mulch in garden beds. Lay down a layer of cardboard over weedy areas and then cover with dirt, mulch or compost.

8. DIY plant pots: Use cardboard to create biodegradable pots for starting seedlings. Once the seedlings are ready to be transplanted, simply place the entire pot into the ground.",,Come up with some creative ways to recycle cardboard.,53,1351
"The regular expression that matches all 5-digit numbers that start with 4 would be `4\d{4}`. The `4` at the start of the expression indicates that the number must start with 4. The `\d` represents any digit, and the `{4}` indicates that there should be four digits following the leading 4. The entire expression therefore means that the number should start with 4 and be followed by four digits, resulting in a 5-digit number that starts with 4.",,Construct a regular expression that matches all 5-digit numbers that start with 4.,82,445
